sistema,residuo,resid,chain,parte,interacao
9BG5,TYR33,33,A,KRAS,Hydrophobic
9BG5,PRO35,35,A,KRAS,VdWContact
9BG5,THR36,36,A,KRAS,VdWContact
9BG5,ILE37,37,A,KRAS,VdWContact
9BG5,ALA60,60,A,KRAS,VdWContact
9BG5,GLN62,62,A,KRAS,Hydrophobic
9BG5,GLN62,62,A,KRAS,VdWContact
9BG5,TYR65,65,A,KRAS,Hydrophobic
9BG5,TYR65,65,A,KRAS,PiStacking
9BG5,TYR65,65,A,KRAS,VdWContact
9BG5,MET68,68,A,KRAS,Hydrophobic
9BG5,MET68,68,A,KRAS,VdWContact
9BG5,ARG54,54,B,CypA,HBAcceptor
9BG5,ARG54,54,B,CypA,VdWContact
9BG5,ILE56,56,B,CypA,VdWContact
9BG5,PHE59,59,B,CypA,VdWContact
9BG5,MET60,60,B,CypA,VdWContact
9BG5,GLN62,62,B,CypA,HBDonor
9BG5,GLN62,62,B,CypA,VdWContact
9BG5,GLY71,71,B,CypA,VdWContact
9BG5,ALA100,100,B,CypA,VdWContact
9BG5,ASN101,101,B,CypA,HBAcceptor
9BG5,ASN101,101,B,CypA,VdWContact
9BG5,TRP120,120,B,CypA,VdWContact
9BG5,HIS125,125,B,CypA,VdWContact
9BG5,ARG147,147,B,CypA,VdWContact
9BG9,PRO35,35,A,KRAS,VdWContact
9BG9,THR36,36,A,KRAS,VdWContact
9BG9,ILE37,37,A,KRAS,VdWContact
9BG9,ALA60,60,A,KRAS,VdWContact
9BG9,GLN62,62,A,KRAS,Hydrophobic
9BG9,GLN62,62,A,KRAS,VdWContact
9BG9,TYR65,65,A,KRAS,Hydrophobic
9BG9,TYR65,65,A,KRAS,PiStacking
9BG9,TYR65,65,A,KRAS,VdWContact
9BG9,MET68,68,A,KRAS,VdWContact
9BG9,ARG55,55,B,CypA,HBAcceptor
9BG9,ARG55,55,B,CypA,VdWContact
9BG9,ILE57,57,B,CypA,VdWContact
9BG9,PHE60,60,B,CypA,VdWContact
9BG9,MET61,61,B,CypA,VdWContact
9BG9,GLN63,63,B,CypA,HBDonor
9BG9,GLN63,63,B,CypA,VdWContact
9BG9,GLY72,72,B,CypA,VdWContact
9BG9,ALA101,101,B,CypA,VdWContact
9BG9,ASN102,102,B,CypA,HBAcceptor
9BG9,ASN102,102,B,CypA,VdWContact
9BG9,ALA103,103,B,CypA,VdWContact
9BG9,GLN111,111,B,CypA,VdWContact
9BG9,HIS126,126,B,CypA,VdWContact
9BG9,ARG148,148,B,CypA,VdWContact
4TQA_tri,THR36,36,A,KRAS,HBDonor
4TQA_tri,THR36,36,A,KRAS,VdWContact
4TQA_tri,ALA60,60,A,KRAS,VdWContact
4TQA_tri,GLN62,62,A,KRAS,Hydrophobic
4TQA_tri,GLN62,62,A,KRAS,VdWContact
4TQA_tri,GLU64,64,A,KRAS,Hydrophobic
4TQA_tri,TYR97,97,A,KRAS,VdWContact
4TQA_tri,ARG54,54,B,CypA,VdWContact
4TQA_tri,MET60,60,B,CypA,Hydrophobic
4TQA_tri,MET60,60,B,CypA,VdWContact
4TQA_tri,ALA100,100,B,CypA,VdWContact
4TQA_tri,PHE112,112,B,CypA,Hydrophobic
4TQA_tri,PHE112,112,B,CypA,VdWContact
4TQA_tri,TRP120,120,B,CypA,Hydrophobic
4TQA_tri,TRP120,120,B,CypA,VdWContact
4TQA_tri,LEU121,121,B,CypA,VdWContact
8BLR_tri,ASP12,12,A,KRAS,VdWContact
8BLR_tri,SER16,16,A,KRAS,VdWContact
8BLR_tri,ILE20,20,A,KRAS,Hydrophobic
8BLR_tri,ASP53,53,A,KRAS,VdWContact
8BLR_tri,ILE54,54,A,KRAS,VdWContact
8BLR_tri,ASP56,56,A,KRAS,VdWContact
8BLR_tri,TYR70,70,A,KRAS,VdWContact
8BLR_tri,ARG54,54,B,CypA,HBAcceptor
8BLR_tri,ARG54,54,B,CypA,VdWContact
8BLR_tri,ASN148,148,B,CypA,VdWContact
8BLR_tri,LYS150,150,B,CypA,VdWContact
4TQA_kras,ALA12,12,A,KRAS,VdWContact
4TQA_kras,GLY13,13,A,KRAS,VdWContact
4TQA_kras,ALA60,60,A,KRAS,VdWContact
4TQA_kras,GLN62,62,A,KRAS,Hydrophobic
4TQA_kras,GLN62,62,A,KRAS,HBAcceptor
4TQA_kras,GLN62,62,A,KRAS,VdWContact
4TQA_kras,ARG69,69,A,KRAS,VdWContact
4TQA_kras,TYR72,72,A,KRAS,VdWContact
4TQA_kras,TYR97,97,A,KRAS,Hydrophobic
4TQA_kras,TYR97,97,A,KRAS,VdWContact
8BLR_kras,ILE20,20,A,KRAS,VdWContact
8BLR_kras,ILE23,23,A,KRAS,Hydrophobic
8BLR_kras,ILE23,23,A,KRAS,VdWContact
8BLR_kras,PHE27,27,A,KRAS,Hydrophobic
8BLR_kras,PHE27,27,A,KRAS,VdWContact
8BLR_kras,ARG40,40,A,KRAS,VdWContact
8BLR_kras,LYS41,41,A,KRAS,Hydrophobic
8BLR_kras,LYS41,41,A,KRAS,VdWContact
8BLR_kras,GLN42,42,A,KRAS,VdWContact
8BLR_kras,VAL43,43,A,KRAS,Hydrophobic
8BLR_kras,VAL43,43,A,KRAS,VdWContact
8BLR_kras,CYS50,50,A,KRAS,VdWContact
8BLR_kras,LEU51,51,A,KRAS,VdWContact
8BLR_kras,LEU52,52,A,KRAS,VdWContact
